StockCode,Description
85048,15CM CHRISTMAS GLASS BALL 20 LIGHTS
79323P,PINK CHERRY LIGHTS
79323W,WHITE CHERRY LIGHTS
22041,"RECORD FRAME 7"" SINGLE SIZE"
21232,STRAWBERRY CERAMIC TRINKET BOX
22064,PINK DOUGHNUT TRINKET POT
21871,SAVE THE PLANET MUG
21523,FANCY FONT HOME SWEET HOME DOORMAT
22350,CAT BOWL
22349,"DOG BOWL , CHASING BALL DESIGN"
22195,HEART MEASURING SPOONS LARGE
22353,LUNCHBOX WITH CUTLERY FAIRY CAKES
48173C,DOOR MAT BLACK FLOCK
21755,LOVE BUILDING BLOCK WORD
21754,HOME BUILDING BLOCK WORD
84879,ASSORTED COLOUR BIRD ORNAMENT
22119,PEACE WOODEN BLOCK LETTERS
22142,CHRISTMAS CRAFT WHITE FAIRY
22296,HEART IVORY TRELLIS LARGE
22295,HEART FILIGREE DOVE LARGE
22109,FULL ENGLISH BREAKFAST PLATE
22107,PIZZA PLATE IN BOX
22194,BLACK DINER WALL CLOCK
35004B,SET OF 3 BLACK FLYING DUCKS
82582,AREA PATROLLED METAL SIGN
21181,PLEASE ONE PERSON  METAL SIGN
21756,BATH BUILDING BLOCK WORD
21333,CLASSIC WHITE FRAME
84596F,SMALL MARSHMALLOWS PINK BOWL
84596L,BISCUITS SMALL BOWL LIGHT BLUE
22111,SCOTTIE DOG HOT WATER BOTTLE
22143,CHRISTMAS CRAFT HEART DECORATIONS
22145,CHRISTMAS CRAFT HEART STOCKING
22130,PARTY CONE CHRISTMAS DECORATION
21364,PEACE SMALL WOOD LETTERS
21360,JOY LARGE WOOD LETTERS
21351,CINAMMON & ORANGE WREATH
21352,EUCALYPTUS & PINECONE  WREATH
35400,WOODEN BOX ADVENT CALENDAR
20695,FLORAL BLUE MONSTER
37370,RETRO COFFEE MUGS ASSORTED
10002,INFLATABLE POLITICAL GLOBE
84507B,STRIPES DESIGN MONKEY DOLL
20703,BLUE PADDED SOFT MOBILE
21987,PACK OF 6 SKULL PAPER CUPS
21989,PACK OF 20 SKULL PAPER NAPKINS
84970S,HANGING HEART ZINC T-LIGHT HOLDER
20971,PINK BLUE FELT CRAFT TRINKET BOX
22271,FELTCRAFT DOLL ROSIE
22272,FELTCRAFT DOLL MARIA
22274,FELTCRAFT DOLL EMILY
21912,VINTAGE SNAKES & LADDERS
22112,CHOCOLATE HOT WATER BOTTLE
21329,DINOSAURS  WRITING SET
21252,SET OF MEADOW  FLOWER STICKERS
21100,CHARLIE AND LOLA CHARLOTTE BAG
21033,JUMBO BAG CHARLIE AND LOLA TOYS
20711,JUMBO BAG TOYS
21410,COUNTRY COTTAGE  DOORSTOP GREEN
21411,GINGHAM HEART  DOORSTOP RED
84031A,CHARLIE+LOLA RED HOT WATER BOTTLE
84031B,CHARLIE LOLA BLUE HOT WATER BOTTLE
84032A,CHARLIE+LOLA PINK HOT WATER BOTTLE
84032B,CHARLIE + LOLA RED HOT WATER BOTTLE
84519A,TOMATO CHARLIE+LOLA COASTER SET
84519B,CARROT CHARLIE+LOLA COASTER SET
85132A,CHARLIE + LOLA BISCUITS TINS
85132C,CHARLIE AND LOLA FIGURES TINS
85183A,CHARLIE & LOLA WASTEPAPER BIN BLUE
85183B,CHARLIE & LOLA WASTEPAPER BIN FLORA
22065,CHRISTMAS PUDDING TRINKET POT
22138,BAKING SET 9 PIECE RETROSPOT
22139,RETRO SPOT TEA SET CERAMIC 11 PC
22352,LUNCHBOX WITH CUTLERY RETROSPOT
85014A,BLACK/BLUE DOTS RUFFLED UMBRELLA
85014B,RED/WHITE DOTS RUFFLED UMBRELLA
16161P,WRAP ENGLISH ROSE
16169N,WRAP BLUE RUSSIAN FOLKART
21491,SET OF THREE VINTAGE GIFT WRAPS
22333,RETRO SPORT PARTY BAG + STICKER SET
85216,ASSORTED CAKES FRIDGE MAGNETS
21493,VINTAGE DESIGN GIFT TAGS
21731,RED TOADSTOOL LED NIGHT LIGHT
85232B,SET/3 RUSSIAN DOLL STACKING TINS
84691,PACK 20 DOLLY PEGS
20749,ASSORTED COLOUR MINI CASES
POST,POSTAGE
22321,BIRD DECORATION RED SPOT
84029E,RED WOOLLY HOTTIE WHITE HEART.
21955,UNION JACK GUNS & ROSES  DOORMAT
84899E,YELLOW + BROWN BEAR FELT PURSE KIT
85123A,WHITE HANGING HEART T-LIGHT HOLDER
21582,KINGS CHOICE SMALL TUBE MATCHES
21586,KINGS CHOICE GIANT TUBE MATCHES
21590,KINGS CHOICE CIGAR BOX MATCHES
22091,EMPIRE TISSUE BOX
84251J,"GREETING CARD, THE BLACK CAT"
22024,RAINY LADIES BIRTHDAY CARD
22026,BANQUET BIRTHDAY  CARD
22029,SPACE BOY BIRTHDAY CARD
